七海Nana7mi,vr,434334701
中单光一,vr,434401868
内德维德,independent,90873
弥希Miki,vr,477317922
星弥Hoshimi,vr,477342747
真绯瑠mahiru,vr,477306079
阿萨Aza,vr,480680646
雪绘Yukie,vr,56748733
千春_Chiharu,vr,558070433
悠亚Yua,vr,666726799
勺Shaun,vr,666726801
勾檀Mayumi,vr,690608693
九十九_Tsukumo,vr,690608702
瑞娅_Rhea,vr,690608698
恋诗夜Koxia,vr,690608690
雾深Girimi,vr,1484169431
茶冷_Channel,vr,741520
阿梓从小就很可爱,vr,7706705
小可学妹,vr,14387072
诺莺Nox,vr,529249
红晓音Akane,psp,899804
东爱璃Lovely,psp,3821157
李豆沙_Channel,psp,1703797642
白神遥Haruka,psp,477332594
病院坂Rei,psp,1041474702
夏诺雅_shanoa,independent,1612112
雫るる_Official,independent,387636363
明前奶绿,independent,2132180406
九重紫Official,independent,225347042
-阿蕊娅Aria-,independent,10850238
步玎Pudding,independent,416622817
烛灵儿Hikari,independent,399815233
胡桃Usa,providence,12497617
花花Haya,providence,269415357
路希维德Wiede,meta-mythos,2006452883
美月もも,independent,2073012767
早稻叽,chaoslive,1950658
尼奈nine_Official,independent,163653
陆鳐LuLu,independent,1856528671
罗菈Rola,another-project,2052064438
奈姬Niki,another-project,3035105
折原露露,independent,631070414
可妮Koni_Official,independent,1372936974
眞白花音_Official,chucolala,401480763
奈奈莉娅Channel,independent,489146840
小柔Channel,虚研社,1734978373
艾露露Ailurus,虚研社,1501380958
りんうらん霖雨蘭,independent,34815578
永雏塔菲,independent,1265680561
東雪蓮Official,independent,1437582453